id,Name,img,desc,price,brand
81,watch,pics/121.jpeg,Zee5 1 Month 1 Device Subscription,99,priyoshop
82,watch,pics/122.jpeg,Zeblaze Vibe Lite Smart Watch,1700,priyoshop
83,watch,pics/123.jpeg,Zeblaze Vibe 6 Heart Rate 1.3 Inch IPS Color Touch Screen Smart Watch,4250,priyoshop
84,watch,pics/124.jpeg,Zeblaze VIBE 3 PRO Smart Watch,2850,priyoshop
85,watch,pics/125.jpeg,Zeblaze THOR 4 Pro Built-in GPS 4G Wifi Smart Watch,10500,priyoshop
86,watch,pics/126.jpeg,Zeblaze Neo Smart Watch,3400,priyoshop
87,watch,pics/127.jpeg,Zeblaze Neo 3 Smart Watch,2500,priyoshop
88,watch,pics/128.jpeg,Zeblaze Hybrid Smart Watch,3350,priyoshop
89,watch,pics/129.jpeg,Zeblaze Crystal 3 Smart Watch,1599,priyoshop
90,watch,pics/130.jpeg,Z3 Camera & SIM Support Bluetooth Smart Watch,850,priyoshop
91,watch,pics/131.jpeg,Y1S Bluetooth Smart Watch,750,priyoshop
92,watch,pics/132.jpeg,Xiaomi Haylou Solar LS05-1 Smart Watch (Global Version),2500,priyoshop
93,watch,pics/133.jpeg,WINNER Mechanical Sports Wristwatch for Men,1850,priyoshop
94,watch,pics/134.jpeg,Wavefun AIDIG S Smart Watch,2250,priyoshop
95,watch,pics/135.jpeg,Universal Cell Phone Tablet Holder Mobile Phone Stand Bracket – H002,370,priyoshop
96,watch,pics/136.jpeg,Universal Cell Phone Tablet Holder Mobile Phone Stand Bracket – H001,380,priyoshop
97,watch,pics/137.jpeg,Tanix TX3 Android TV Box,2400,priyoshop
98,watch,pics/138.jpeg,Sporty Look Digital Watch with Rubber Belt for Men – Black & Green,285,priyoshop
99,watch,pics/139.jpeg,Smart 88 - Xiaomi Mi band 5 Smart Watch,1055,priyoshop
100,watch,pics/140.jpeg,SKONE Stainless Steel Quartz Wristwatch for Men,1800,priyoshop
101,watch,pics/81.jpg,SKMEI Fashion Sport Casual Stainless Steel Dual Display Waterproof Digital Watch For Men 1370,854,daraz
102,watch,pics/82.jpg,SKMEI Quartz Couple Fashion Classic Leather Waterproof Wristwatches Casual Watch For Man Women 9120（1 piece）,599,daraz
103,watch,pics/83.jpg,WRM10 - PU Leather Wrist Watch For Men,137,daraz
104,watch,pics/84.jpg,Black Analog Watch For Men,136,daraz
105,watch,pics/85.jpg,Led watch for men - Black,152,daraz
106,watch,pics/86.jpg,Stainless Steel mens watch Black,175,daraz
107,watch,pics/87.jpg,Digital New Fashionable Touch Apple Watch for Men(Magnet),244,daraz
108,watch,pics/88.jpg,Band For Apple Watch Series 3 2 1 38MM 42MM Soft Silicone Breathable Replacement Strap Sport Loop for iwatch series 4 40MM 44MM,118,daraz
109,watch,pics/89.jpg,Led watches for MAN,137,daraz
110,watch,pics/90.jpg,Ladies Bracelet Type Wrist Watch - Black,105,daraz
111,watch,pics/91.jpg,Ladies Quartz Watch Starry Sky Wrist Watch Female Magnet Wristwatch,130,daraz
112,watch,pics/92.jpg,Stainless Steel gents watch silver,162,daraz
113,watch,pics/93.jpg,BARIHO couple Wrist watch,241,daraz
114,watch,pics/94.jpg,Leather Analog Watch For Men - Black,130,daraz
115,watch,pics/95.jpg,Ladies Fashionable Wrist Watch+Box,350,daraz
116,watch,pics/96.jpg,Women Luxury Starry Sky Roma Ladies Magnet Wristwatch,115,daraz
117,watch,pics/97.jpg,Xiaomi IMILAB KW66 Smart Watch Waterproof Customize Dials Round metal body Smartwatch for Men Women -Global Version,2488,daraz
118,watch,pics/98.jpg,CURREN 8106 - Stainless Steel Analog Watches for Men - Black,850,daraz
119,watch,pics/99.jpg,Xiaomi IMILAB KW66 Smart Watch Waterproof Customize Dials Silicon strap Round Smartwatch for Men Women-Global Version,2694,daraz
120,watch,pics/100.jpg,Ladies Quartz Watch Starry Sky Wrist Watch Female Magnet Wristwatch,130,daraz
121,watch,pics/101.jpg,Dior Magnetic watches for girls,105,daraz
122,watch,pics/102.jpg,Naviforce NF9117 - Coffee PU Leather Analog Watch for Men - Silver & Coffee,1400,daraz
123,watch,pics/103.jpg,SKMEI Sports Fashion Quartz Dual Display Waterproof Watch For Men 1389,1209,daraz
124,watch,pics/104.jpg,RD-Multicolor Stainless Steel Strap Analog Wrist Watch for men,240,daraz
125,watch,pics/105.jpg,Analog Men\'s Luxury Watch with Luminous Hands Gold & silver Stainless Steel Band dial black,230,daraz
126,watch,pics/106.jpg,PU Leather Analog Wrist Watch For Men-Brown,127,daraz
127,watch,pics/107.jpg,Black Mens Round Custom Vintage Retro Ladies Oversized Sunglasses,57,daraz
128,watch,pics/108.jpg,W643 - Leather Analog Watch For Men - Black,125,daraz
129,watch,pics/109.jpg,PU Black Leather Analog Watch for Men,220,daraz
130,watch,pics/110.jpg,Stainless steel Rhadu watches for men,198,daraz
131,watch,pics/111.jpg,Digital watches for MEN,113,daraz
132,watch,pics/112.jpg,Fashion Watches Stainless Steel Quartz Men Watch,127,daraz
133,watch,pics/113.jpg,New Ladies Fashionable Wrist Watch+Box,348,daraz
134,watch,pics/114.jpg,Digital watches for MEN,113,daraz
135,watch,pics/115.jpg,Xiaomi IMILAB Smart Watch KW66 3D HD Curved Screen - Black,2525,daraz
136,watch,pics/116.jpg,8139 Analog Wrist Watch - Brown and White,111,daraz
137,watch,pics/117.jpg,Stylish Fashion Bracelet Watch Silver Colour Strap Dashing Looks Casual Luxury Use Watch For Women,225,daraz
138,watch,pics/118.jpg,Chocolate Leather Wrist Watch For Men,130,daraz
139,watch,pics/119.jpg,Microwear IWO W26 Smart Watch Men Bluetooth Call Body Temperature ECG Heart Rate Sleep Monitor IP68 Waterproof W26 Smartwatch,1406,daraz
140,watch,pics/120.jpg,New Elegant Sportty Look Digital Men\'s Watch With Rubber belt,350,daraz
